{"Random Forest Regressor": {"r2": 0.32620314964636765, "mse": 45117230.254666395, "rmse": 6716.936076416568, "mae": 5388.102855790773}, "Decision Tree Regressor": {"r2": 0.25804599038857257, "mse": 49681012.715394735, "rmse": 7048.475914365796, "mae": 5749.46189109951}, "Lasso Regression": {"r2": 0.2538363602628311, "mse": 49962888.256324284, "rmse": 7068.443128180652, "mae": 5714.09670589586}, "Ridge Regression": {"r2": 0.2535204804539064, "mse": 49984039.47135977, "rmse": 7069.939141984163, "mae": 5715.4599951666605}, "SGD Regressor": {"r2": -5.6685547472853656e+29, "mse": 3.795646857212671e+37, "rmse": 6.160882126134756e+18, "mae": 5.52321132738222e+18}}