{"Lasso Regression": {"r2": 0.3202267229387605, "neg_mean_squared_error": -50135569.72791928, "neg_mean_absolute_error": -5775.793045669495, "neg_root_mean_squared_error": -7058.288680330677}, "Ridge Regression": {"r2": 0.32020734156721337, "neg_mean_squared_error": -50136527.51024766, "neg_mean_absolute_error": -5775.772027087756, "neg_root_mean_squared_error": -7058.3712970605975}, "Decision Tree Regressor": {"r2": 0.3021427573113509, "neg_mean_squared_error": -51365951.48914346, "neg_mean_absolute_error": -5766.704601763892, "neg_root_mean_squared_error": -7142.386517463849}, "Random Forest Regressor": {"r2": 0.28907201850389874, "neg_mean_squared_error": -52410096.92259061, "neg_mean_absolute_error": -5798.704099025984, "neg_root_mean_squared_error": -7208.397909229216}, "SGD Regressor": {"r2": -5.3719303277669495e+29, "neg_mean_squared_error": -4.0909849440133794e+37, "neg_mean_absolute_error": -5.250420130915194e+18, "neg_root_mean_squared_error": -5.904256802202112e+18}}